-- ============================================================
-- 00004: Seed data - demo mall with 2 floors and 12 units
-- ============================================================

-- Demo tenant
INSERT INTO tenants (id, name, slug, plan_type) VALUES
  ('00000000-0000-0000-0000-000000000001', 'Demo商业管理公司', 'demo', 'free');

-- Demo mall
INSERT INTO malls (id, tenant_id, name, address, city, district, total_area_sqm, leasable_area_sqm, status) VALUES
  ('00000000-0000-0000-0000-000000000010', '00000000-0000-0000-0000-000000000001',
   '星辰购物中心', '北京市朝阳区建国路88号', '北京', '朝阳区', 50000, 35000, 'active');

-- Demo floors (B1 + F1-F2)
INSERT INTO floors (id, mall_id, floor_index, floor_label, floor_name, extrude_height_m, sort_order) VALUES
  ('00000000-0000-0000-0000-000000000100', '00000000-0000-0000-0000-000000000010', -1, 'B1', '地下超市/停车场', 4.0, 0),
  ('00000000-0000-0000-0000-000000000101', '00000000-0000-0000-0000-000000000010', 1, 'F1', '一层精品零售', 5.0, 1),
  ('00000000-0000-0000-0000-000000000102', '00000000-0000-0000-0000-000000000010', 2, 'F2', '二层餐饮娱乐', 4.5, 2);

-- Demo units on F1 (6 units)
INSERT INTO units (id, floor_id, mall_id, unit_code, unit_name, area_gross_sqm, area_net_sqm, category, unit_type, status, floor_position, frontage_m) VALUES
  ('00000000-0000-0000-0001-000000000001', '00000000-0000-0000-0000-000000000101', '00000000-0000-0000-0000-000000000010', 'F1-001', NULL, 120, 105, '零售', 'standard', 'occupied', 'corner', 8.5),
  ('00000000-0000-0000-0001-000000000002', '00000000-0000-0000-0000-000000000101', '00000000-0000-0000-0000-000000000010', 'F1-002', NULL, 85, 72, '零售', 'standard', 'occupied', 'mid-block', 6.0),
  ('00000000-0000-0000-0001-000000000003', '00000000-0000-0000-0000-000000000101', '00000000-0000-0000-0000-000000000010', 'F1-003', NULL, 200, 180, '零售', 'standard', 'vacant', 'atrium-facing', 12.0),
  ('00000000-0000-0000-0001-000000000004', '00000000-0000-0000-0000-000000000101', '00000000-0000-0000-0000-000000000010', 'F1-004', NULL, 60, 50, '零售', 'standard', 'occupied', 'mid-block', 5.0),
  ('00000000-0000-0000-0001-000000000005', '00000000-0000-0000-0000-000000000101', '00000000-0000-0000-0000-000000000010', 'F1-005', NULL, 45, 38, '服务', 'kiosk', 'occupied', 'mall-entrance', 4.0),
  ('00000000-0000-0000-0001-000000000006', '00000000-0000-0000-0000-000000000101', '00000000-0000-0000-0000-000000000010', 'F1-006', NULL, 150, 130, '零售', 'standard', 'vacant', 'corner', 10.0);

-- Demo units on F2 (6 units)
INSERT INTO units (id, floor_id, mall_id, unit_code, unit_name, area_gross_sqm, area_net_sqm, category, unit_type, status, floor_position, frontage_m) VALUES
  ('00000000-0000-0000-0001-000000000007', '00000000-0000-0000-0000-000000000102', '00000000-0000-0000-0000-000000000010', 'F2-001', NULL, 180, 160, '餐饮', 'standard', 'occupied', 'atrium-facing', 10.0),
  ('00000000-0000-0000-0001-000000000008', '00000000-0000-0000-0000-000000000102', '00000000-0000-0000-0000-000000000010', 'F2-002', NULL, 100, 88, '餐饮', 'standard', 'occupied', 'mid-block', 7.0),
  ('00000000-0000-0000-0001-000000000009', '00000000-0000-0000-0000-000000000102', '00000000-0000-0000-0000-000000000010', 'F2-003', NULL, 90, 78, '餐饮', 'standard', 'vacant', 'mid-block', 6.5),
  ('00000000-0000-0000-0001-000000000010', '00000000-0000-0000-0000-000000000102', '00000000-0000-0000-0000-000000000010', 'F2-004', NULL, 250, 220, '娱乐', 'standard', 'occupied', 'corner', 15.0),
  ('00000000-0000-0000-0001-000000000011', '00000000-0000-0000-0000-000000000102', '00000000-0000-0000-0000-000000000010', 'F2-005', NULL, 70, 60, '餐饮', 'standard', 'vacant', 'mall-entrance', 5.5),
  ('00000000-0000-0000-0001-000000000012', '00000000-0000-0000-0000-000000000102', '00000000-0000-0000-0000-000000000010', 'F2-006', NULL, 130, 115, '教育', 'standard', 'occupied', 'mid-block', 8.0);

-- Demo tenants (brands)
INSERT INTO mall_tenants (id, mall_id, name, brand, category, sub_category, contact_name, contact_phone, status) VALUES
  ('00000000-0000-0000-0002-000000000001', '00000000-0000-0000-0000-000000000010', '北京星巴克咖啡有限公司', '星巴克', '零售', '咖啡', '张经理', '13800001001', 'active'),
  ('00000000-0000-0000-0002-000000000002', '00000000-0000-0000-0000-000000000010', '优衣库商贸有限公司', '优衣库', '零售', '服装', '李经理', '13800001002', 'active'),
  ('00000000-0000-0000-0002-000000000003', '00000000-0000-0000-0000-000000000010', '海底捞餐饮股份有限公司', '海底捞', '餐饮', '火锅', '王经理', '13800001003', 'active'),
  ('00000000-0000-0000-0002-000000000004', '00000000-0000-0000-0000-000000000010', '万达影城', '万达影城', '娱乐', '影院', '赵经理', '13800001004', 'active'),
  ('00000000-0000-0000-0002-000000000005', '00000000-0000-0000-0000-000000000010', '学而思教育科技有限公司', '学而思', '教育', 'K12', '陈经理', '13800001005', 'active');

-- Demo leases
INSERT INTO leases (id, mall_id, unit_id, tenant_id, contract_number, start_date, end_date, rent_model, monthly_rent, rent_per_sqm, deposit_amount, status, signed_date) VALUES
  ('00000000-0000-0000-0003-000000000001', '00000000-0000-0000-0000-000000000010', '00000000-0000-0000-0001-000000000001', '00000000-0000-0000-0002-000000000002', 'LX-2025-001', '2025-01-01', '2027-12-31', 'fixed', 36000, 300, 72000, 'active', '2024-11-15'),
  ('00000000-0000-0000-0003-000000000002', '00000000-0000-0000-0000-000000000010', '00000000-0000-0000-0001-000000000002', '00000000-0000-0000-0002-000000000001', 'LX-2025-002', '2025-03-01', '2026-08-31', 'hybrid', 22000, 260, 44000, 'active', '2025-01-20'),
  ('00000000-0000-0000-0003-000000000003', '00000000-0000-0000-0000-000000000010', '00000000-0000-0000-0001-000000000004', '00000000-0000-0000-0002-000000000002', 'LX-2025-003', '2024-06-01', '2026-05-31', 'fixed', 15000, 250, 30000, 'active', '2024-04-10'),
  ('00000000-0000-0000-0003-000000000004', '00000000-0000-0000-0000-000000000010', '00000000-0000-0000-0001-000000000005', '00000000-0000-0000-0002-000000000001', 'LX-2025-004', '2025-01-01', '2025-12-31', 'turnover_percentage', 9000, 200, 18000, 'active', '2024-12-01'),
  ('00000000-0000-0000-0003-000000000005', '00000000-0000-0000-0000-000000000010', '00000000-0000-0000-0001-000000000007', '00000000-0000-0000-0002-000000000003', 'LX-2025-005', '2025-02-01', '2028-01-31', 'fixed', 54000, 300, 108000, 'active', '2024-12-15'),
  ('00000000-0000-0000-0003-000000000006', '00000000-0000-0000-0000-000000000010', '00000000-0000-0000-0001-000000000008', '00000000-0000-0000-0002-000000000001', 'LX-2025-006', '2025-04-01', '2026-04-30', 'fixed', 28000, 280, 56000, 'active', '2025-02-10'),
  ('00000000-0000-0000-0003-000000000007', '00000000-0000-0000-0000-000000000010', '00000000-0000-0000-0001-000000000010', '00000000-0000-0000-0002-000000000004', 'LX-2025-007', '2024-09-01', '2029-08-31', 'hybrid', 75000, 300, 150000, 'active', '2024-06-20'),
  ('00000000-0000-0000-0003-000000000008', '00000000-0000-0000-0000-000000000010', '00000000-0000-0000-0001-000000000012', '00000000-0000-0000-0002-000000000005', 'LX-2025-008', '2025-05-01', '2027-04-30', 'fixed', 32500, 250, 65000, 'active', '2025-03-01');
